
[ 
    
    {
        "codigoProducto": "P001",
        "nombreProducto": "Camiseta",
        "inventarioProducto": 150,
        "precioProducto": 19.99
    },
    {
        "codigoProducto": "P002",
        "nombreProducto": "Pantalones",
        "inventarioProducto": 200,
        "precioProducto": 39.99
    },
    {
        "codigoProducto": "P003",
        "nombreProducto": "Zapatos Deportivos",
        "inventarioProducto": 80,
        "precioProducto": 59.99
    },
    {
        "codigoProducto": "P004",
        "nombreProducto": "Chaqueta",
        "inventarioProducto": 120,
        "precioProducto": 49.99
    },
    {
        "codigoProducto": "P005",
        "nombreProducto": "Gorra",
        "inventarioProducto": 300,
        "precioProducto": 9.99
    }
]
